<?xml version="1.0" encoding="UTF-8"?>
<msIds xmlns="dwork">
    <ms xml:id="A">
        <dworkId>cpg397</dworkId>
        <start>0009</start>
    </ms>
    <ms xml:id="a">
        <dworkId>slub_m175</dworkId>
        <start>0029</start>
    </ms>
    <ms xml:id="B">
        <dworkId>ubgi_hs97</dworkId>
        <start>0005</start>
    </ms>
    <ms xml:id="b">
        <dworkId>cpg391</dworkId>
        <start>0005</start>
    </ms>
    <ms xml:id="C">
        <dworkId>bsb_cgm191</dworkId>
        <start>0001</start>
    </ms>
    <ms xml:id="c">
        <dworkId>cpg316</dworkId>
        <start>0009</start>
    </ms>
    <ms xml:id="D">
        <dworkId>bncf_cod_b_r_226</dworkId>
        <start>0001</start>
    </ms>
    <ms xml:id="d">
        <dworkId>onb_codsn_2663_foll5-22</dworkId>
        <start>0001</start>
    </ms>
    <ms xml:id="E">
        <dworkId>sbb-pk_mgf1062_foll1-35</dworkId>
        <start>0001</start>
    </ms>
    <ms xml:id="F">
        <dworkId>oolb_hs599</dworkId>
        <start>0002</start>
    </ms>
    <ms xml:id="f">
        <dworkId>slub_m65_foll3-85</dworkId>
        <start>0001</start>
    </ms>
    <ms xml:id="G">
        <dworkId>gnm_hs34017</dworkId>
        <start>0003</start>
    </ms>
    <ms xml:id="H">
        <dworkId>tnb_codxxiv_c_4_c_16</dworkId>
        <start>0001</start>
    </ms>
    <ms xml:id="J">
        <dworkId>onb_cod_2779_foll46-68</dworkId>
        <start>0001</start>
    </ms>
    <ms xml:id="K">
        <dworkId></dworkId>
        <start>000</start>
    </ms>
    <ms xml:id="I">
        <dworkId>bl_add19554_foll57-100</dworkId>
        <start>0001</start>
    </ms>
    <ms xml:id="M">
        <dworkId>ubk-lmb_2_ms_philol_28_3</dworkId>
        <start>0001</start>
    </ms>
    <ms xml:id="N">
        <dworkId></dworkId>
        <start>000</start>
    </ms>
    <ms xml:id="O">
        <dworkId>onb_codsn_316</dworkId>
        <start>0005</start>
    </ms>
    <ms xml:id="P">
        <dworkId>hak_best7020_(w)_6_fol119</dworkId>
        <start>0001</start>
    </ms>
    <ms xml:id="p">
        <dworkId></dworkId>
        <start>000</start>
    </ms>
    <ms xml:id="Q">
        <dworkId>adfp_6050_V_7_k_nr_3</dworkId>
        <start>0001</start>
    </ms>
    <ms xml:id="R">
        <dworkId></dworkId>
        <start>000</start>
    </ms>
    <ms xml:id="r">
        <dworkId>ubr_mss_philol_81</dworkId>
        <start>0005</start>
    </ms>
    <ms xml:id="S">
        <dworkId>onb_codsn_2693</dworkId>
        <start>0005</start>
    </ms>
    <ms xml:id="T">
        <dworkId>mtak_fragm_k_549</dworkId>
        <start>0001</start>
    </ms>
    <ms xml:id="U">
        <dworkId>sbspl_cod_7_8</dworkId>
        <start>0001</start>
    </ms>
    <ms xml:id="u">
        <dworkId>erbl_cod_p_II_61</dworkId>
        <start>0005</start>
    </ms>
    <ms xml:id="V">
        <dworkId>sbk_fragm_VI_275</dworkId>
        <start>0001</start>
    </ms>
    <ms xml:id="W">
        <dworkId>afe_os</dworkId>
        <start>0001</start>
    </ms>
    <ms xml:id="X1">
        <dworkId>sbb-pk_hdschr402</dworkId>
        <start>0003</start>
    </ms>
    <ms xml:id="X2">
        <dworkId>ubkl_perg_hs_63_sbs_os</dworkId>
        <start>0001</start>
    </ms>
    <ms xml:id="z">
        <dworkId></dworkId>
        <start>000</start>
    </ms>
</msIds>
