﻿<?xml version="1.0" encoding="UTF-8"?>
<xt:extensions xmlns:xt="http://www.oxygenxml.com/ns/extension"
    xmlns:xsi="http://www.w3.org/2001/XMLSchema-instance"
    xsi:schemaLocation="http://www.oxygenxml.com/ns/extension/extensions.xsd">
    <xt:extension id="heiEDITIONSFramework">
        <xt:location href="https://digi.ub.uni-heidelberg.de/frameworks/IweinFramework.zip"/>
        <xt:version>1.1.7</xt:version>
        <xt:oxy_version>14.0+</xt:oxy_version>
        <xt:type>framework</xt:type>
        <xt:author>Universitätsbibliothek Heidelberg</xt:author>
        <xt:name>heiEDITIONS - Iwein Digital Oxygen-Framework</xt:name>
        <xt:description xmlns="http://www.w3.org/1999/xhtml">Oxygen Authoring Mode Framework for the Digital Edition of Hartmann von Aue's Iwein.</xt:description>
        <xt:license>This software is designed to be used for TEI editions according to the heiEDITIONS principles.</xt:license>
    </xt:extension>
</xt:extensions>
